{"_sensX":10.0,"_sensY":10.0,"_R":0.0,"_G":0.3170292377471924,"_B":1.0,"_alpha":0.0,"_CrossHire":3,"_quality":0,"_volume":0.5476825833320618,"_brightness":0.0,"_fullscreen":true,"_invertMode":false}